source_ref,id,title,authors,url,year,kind,modality,language,retrieval_method,dataset,scope,retrieved_at,processed_at,source_text_sha256,words,dominant_topic,cluster
S01,ted_andrew_mcafee_are_droids_taking_our_jobs,Are droids taking our jobs?,Andrew McAfee,https://www.ted.com/talks/andrew_mcafee_are_droids_taking_our_jobs,2012,video_transcript,spoken,en,kaggle_official_transcript,rounakbanik/ted-talks,"Transcripción completa proporcionada por TED, recuperada del dataset; no se ejecutó ASR ni análisis visual",2026-10-09T11:09:08.906699+00:00,2026-10-09T11:26:56.956674+00:00,efa5f256ce7a95e3101daaecbb65cc9e53d68cde9a706added4d8f92cfa9b734,2417,T3,0
S02,ted_erik_brynjolfsson_the_key_to_growth_race_em_with_em_the_machines,The key to growth? Race with the machines,Erik Brynjolfsson,https://www.ted.com/talks/erik_brynjolfsson_the_key_to_growth_race_em_with_em_the_machines,2013,video_transcript,spoken,en,kaggle_official_transcript,rounakbanik/ted-talks,"Transcripción completa proporcionada por TED, recuperada del dataset; no se ejecutó ASR ni análisis visual",2026-10-09T11:09:08.906699+00:00,2026-10-09T11:26:56.957071+00:00,5feac57aee3daad7655022cea3e62e03f78d7030203d6d0b55db14788ba72264,1571,T4,0
S03,ted_andrew_mcafee_what_will_future_jobs_look_like,What will future jobs look like?,Andrew McAfee,https://www.ted.com/talks/andrew_mcafee_what_will_future_jobs_look_like,2013,video_transcript,spoken,en,kaggle_official_transcript,rounakbanik/ted-talks,"Transcripción completa proporcionada por TED, recuperada del dataset; no se ejecutó ASR ni análisis visual",2026-10-09T11:09:08.906699+00:00,2026-10-09T11:26:56.957526+00:00,6da17d78e1fefefb6e9cdf11a4e4be8e81f33f7f70ab6ae68380d6200fe55862,2529,T3,0
S04,ted_jeremy_howard_the_wonderful_and_terrifying_implications_of_computers_that_can_learn,The wonderful and terrifying implications of computers that can learn,Jeremy Howard,https://www.ted.com/talks/jeremy_howard_the_wonderful_and_terrifying_implications_of_computers_that_can_learn,2014,video_transcript,spoken,en,kaggle_official_transcript,rounakbanik/ted-talks,"Transcripción completa proporcionada por TED, recuperada del dataset; no se ejecutó ASR ni análisis visual",2026-10-09T11:09:08.906699+00:00,2026-10-09T11:26:56.958131+00:00,ff988e3978dfc889126745e0a8348a3d41d5d40d6e4139ca8afc2e4dd8f4bca2,3477,T1,2
S05,ted_nick_bostrom_what_happens_when_our_computers_get_smarter_than_we_are,What happens when our computers get smarter than we are?,Nick Bostrom,https://www.ted.com/talks/nick_bostrom_what_happens_when_our_computers_get_smarter_than_we_are,2015,video_transcript,spoken,en,kaggle_official_transcript,rounakbanik/ted-talks,"Transcripción completa proporcionada por TED, recuperada del dataset; no se ejecutó ASR ni análisis visual",2026-10-09T11:09:08.906699+00:00,2026-10-09T11:26:56.958582+00:00,96cb46ccc674b74821e842084782a6a6e3103d38c411ae2ee911ec35823cc281,2507,T1,2
S06,ted_anthony_goldbloom_the_jobs_we_ll_lose_to_machines_and_the_ones_we_won_t,The jobs we'll lose to machines -- and the ones we won't,Anthony Goldbloom,https://www.ted.com/talks/anthony_goldbloom_the_jobs_we_ll_lose_to_machines_and_the_ones_we_won_t,2016,video_transcript,spoken,en,kaggle_official_transcript,rounakbanik/ted-talks,"Transcripción completa proporcionada por TED, recuperada del dataset; no se ejecutó ASR ni análisis visual",2026-10-09T11:09:08.906699+00:00,2026-10-09T11:26:56.958745+00:00,3f060ac7efc56dda8cafc8e00e0212289e2d04f38ee37c6c5c4c2b0391f99d08,716,T1,2
S07,ted_tim_leberecht_4_ways_to_build_a_human_company_in_the_age_of_machines,4 ways to build a human company in the age of machines,Tim Leberecht,https://www.ted.com/talks/tim_leberecht_4_ways_to_build_a_human_company_in_the_age_of_machines,2016,video_transcript,spoken,en,kaggle_official_transcript,rounakbanik/ted-talks,"Transcripción completa proporcionada por TED, recuperada del dataset; no se ejecutó ASR ni análisis visual",2026-10-09T11:09:08.906699+00:00,2026-10-09T11:26:56.959048+00:00,88bcb4840113026b62c80b48c2b2c0b365935afd81dd75e15da078b927f7572e,1655,T1,3
S08,ted_zeynep_tufekci_machine_intelligence_makes_human_morals_more_important,Machine intelligence makes human morals more important,Zeynep Tufekci,https://www.ted.com/talks/zeynep_tufekci_machine_intelligence_makes_human_morals_more_important,2016,video_transcript,spoken,en,kaggle_official_transcript,rounakbanik/ted-talks,"Transcripción completa proporcionada por TED, recuperada del dataset; no se ejecutó ASR ni análisis visual",2026-10-09T11:09:08.906699+00:00,2026-10-09T11:26:56.959474+00:00,896f7beb8bc9f46255de2c99a99453b955fff156ce45668f9d4893b35a10b6d6,2399,T1,2
S09,ted_david_autor_why_are_there_still_so_many_jobs,Will automation take away all our jobs?,David Autor,https://www.ted.com/talks/david_autor_why_are_there_still_so_many_jobs,2016,video_transcript,spoken,en,kaggle_official_transcript,rounakbanik/ted-talks,"Transcripción completa proporcionada por TED, recuperada del dataset; no se ejecutó ASR ni análisis visual",2026-10-09T11:09:08.906699+00:00,2026-10-09T11:26:56.959939+00:00,b5a8e418dfc2b02c27053cad5fe2199fd99c16613768ac24febcad7aad21c47d,2698,T3,3
S10,ted_stuart_russell_how_ai_might_make_us_better_people,3 principles for creating safer AI,Stuart Russell,https://www.ted.com/talks/stuart_russell_how_ai_might_make_us_better_people,2017,video_transcript,spoken,en,kaggle_official_transcript,rounakbanik/ted-talks,"Transcripción completa proporcionada por TED, recuperada del dataset; no se ejecutó ASR ni análisis visual",2026-10-09T11:09:08.906699+00:00,2026-10-09T11:26:56.960398+00:00,f8a862676629e0b1a03c774469828c28142cd8e09b8aad42f5e3cde74e7a61ca,2706,T1,2
S11,ted_garry_kasparov_don_t_fear_intelligent_machines_work_with_them,Don't fear intelligent machines. Work with them,Garry Kasparov,https://www.ted.com/talks/garry_kasparov_don_t_fear_intelligent_machines_work_with_them,2017,video_transcript,spoken,en,kaggle_official_transcript,rounakbanik/ted-talks,"Transcripción completa proporcionada por TED, recuperada del dataset; no se ejecutó ASR ni análisis visual",2026-10-09T11:09:08.906699+00:00,2026-10-09T11:26:56.960679+00:00,7b00f152ebb816a6e8bbfe1a753fad22fb7b8dfe8b54ef3f71b32b03a99abb49,1544,T4,2
S12,ted_augie_picado_the_real_reason_manufacturing_jobs_are_disappearing,The real reason manufacturing jobs are disappearing,Augie Picado,https://www.ted.com/talks/augie_picado_the_real_reason_manufacturing_jobs_are_disappearing,2017,video_transcript,spoken,en,kaggle_official_transcript,rounakbanik/ted-talks,"Transcripción completa proporcionada por TED, recuperada del dataset; no se ejecutó ASR ni análisis visual",2026-10-09T11:09:08.906699+00:00,2026-10-09T11:26:56.960974+00:00,e5cdd3a1ba9e94ba3ce5712d0814f614120c25f8fa36ec47dabc508e52f11888,1629,T3,3
S13,ilo2025,Generative AI and Jobs: A Refined Global Index of Occupational Exposure,Gmyrek et al. / ILO,https://www.ilo.org/publications/generative-ai-and-jobs-refined-global-index-occupational-exposure,2025,web_report,written,en,web_reader_text,,"Ficha y síntesis institucional del informe, no texto íntegro del informe",2026-10-09,2026-10-09T11:26:56.985246+00:00,158f48c5bf05108d0343a5abe0164f26046cf7478ab2a580822e6989b3c50b00,359,T2,1
S14,cbo2024,Artificial Intelligence and Its Potential Effects on the Economy and the Federal Budget,Congressional Budget Office,https://www.cbo.gov/publication/61147,2024,web_report,written,en,web_reader_text,,Informe web,2026-10-09,2026-10-09T11:26:56.986910+00:00,3866e20ea656cf3cac5b8d2bcc7678442aeb62b84645d73976d809542ae1ca3f,5999,T2,1
S15,gpts2023,GPTs are GPTs: An Early Look at the Labor Market Impact Potential of Large Language Models,"Eloundou, Manning, Mishkin and Rock",https://arxiv.org/abs/2303.10130,2023,web_paper,written,en,web_reader_text,,Resumen científico recuperado por lector web; sin menús ni texto íntegro del paper,2026-10-09,2026-10-09T11:26:56.987488+00:00,7de982e8d9c391fd892eac75dd91bf59b6f61de8af23d4b7f11c33ccc6145064,236,T5,1
S16,imf2024,AI Will Transform the Global Economy. Let's Make Sure It Benefits Humanity.,Kristalina Georgieva / IMF,https://www.imf.org/en/blogs/articles/2024/01/14/ai-will-transform-the-global-economy-lets-make-sure-it-benefits-humanity,2024,web_blog,written,en,web_reader_text,,Artículo institucional,2026-10-09,2026-10-09T11:26:56.987932+00:00,0977c457ab3fb897ede1535c6833ada9a0c8510860ebf1c4fa4e641b53dc8f65,605,T2,1
S17,nber31161,Generative AI at Work,"Erik Brynjolfsson, Danielle Li and Lindsey Raymond",https://www.nber.org/papers/w31161,2023,web_paper,written,en,cached_html_scraping,,"Ficha y resumen científico, no texto íntegro del paper",2026-10-09T11:17:34.164310+00:00,2026-10-09T11:26:57.006100+00:00,06f26e0f570980b678e79978ef2837184fbfe81453c81b2202bee86e0d03d5f1,143,T2,1
S18,nber32487,The Simple Macroeconomics of AI,Daron Acemoglu,https://www.nber.org/papers/w32487,2024,web_paper,written,en,cached_html_scraping,,"Ficha y resumen científico, no texto íntegro del paper",2026-10-09T11:19:18.760482+00:00,2026-10-09T11:26:57.020587+00:00,51f735a948e4740edfbfb8b28f2514131ef89349151ff1612fbec50f05b58eba,309,T2,1
