source_ref,S01,S02,S03,S04,S05,S06,S07,S08,S09,S10,S11,S12,S13,S14,S15,S16,S17,S18
S01,1.000000000000005,0.2934655245046147,0.3906462300389044,0.24460108787796922,0.22439656610378084,0.1594238227262369,0.16201873701517078,0.22042407229653593,0.24068499340145855,0.22598816726385748,0.19014982432004576,0.17343859582541174,0.08153385396708611,0.21671739838353554,0.09555579270544524,0.12664279051142102,0.055568880761183576,0.06952690159417173
S02,0.2934655245046147,1.0000000000000024,0.2627421279607634,0.2561965555342476,0.20191494946610172,0.15531822086088648,0.1479625282718996,0.2289945907498844,0.25483762170410085,0.1879135740627434,0.29486652181521866,0.19530041837383125,0.055281406234075535,0.217286751347406,0.10913100304090727,0.09033193677402036,0.03486208784837861,0.06516403764446402
S03,0.3906462300389044,0.2627421279607634,0.9999999999999994,0.22310377857614605,0.17929810027285284,0.15356425572606358,0.18430262516393492,0.22675309907715738,0.32273972117126953,0.22547628451213247,0.18085020846372707,0.16636536747052405,0.06516858310694738,0.20368122390809618,0.05402663824937517,0.1639215094315107,0.04394644907674668,0.07334861719607476
S04,0.24460108787796922,0.2561965555342476,0.22310377857614605,1.0000000000000007,0.2504752104037756,0.22994691166312803,0.16033427209027482,0.3127143168700388,0.21962538778028906,0.2504477056226303,0.2257907658557003,0.18942992748191095,0.06137257433734782,0.24341999123051333,0.07418800155642748,0.08718924233151995,0.058551370476196296,0.059938290231072444
S05,0.22439656610378084,0.20191494946610172,0.17929810027285284,0.2504752104037756,1.0000000000000033,0.20390072439204068,0.1991733778278919,0.28161448949592094,0.2099324234548199,0.3438387867682772,0.2158664571919909,0.16051051742971653,0.09741394807584902,0.2408690883229493,0.04934925548411839,0.0931183129200002,0.04855984704942377,0.10290485162502921
S06,0.1594238227262369,0.15531822086088648,0.15356425572606358,0.22994691166312803,0.20390072439204068,0.9999999999999999,0.1390381172579428,0.21484735254485596,0.1788998784335903,0.18103187109609817,0.1376268536336509,0.12091184426849882,0.05822438649199834,0.15405555004960342,0.04818967229284346,0.06491298667488317,0.0324910265199146,0.06085804546079329
S07,0.16201873701517078,0.1479625282718996,0.18430262516393492,0.16033427209027482,0.1991733778278919,0.1390381172579428,0.9999999999999999,0.23003450724903843,0.2068209392894477,0.20632165171633363,0.18733138279413225,0.15699613979377522,0.03547292915106657,0.16147344882565698,0.043843728511993654,0.07699442877526946,0.024269319336313017,0.039417321193295204
S08,0.22042407229653593,0.2289945907498844,0.22675309907715738,0.3127143168700388,0.28161448949592094,0.21484735254485596,0.23003450724903843,0.9999999999999992,0.1947261665272137,0.2585887449942868,0.22201338474859725,0.15883764198710246,0.05010765603110388,0.1946708944086426,0.04812488302220735,0.09695230828002606,0.028778347283237977,0.06864538794689429
S09,0.24068499340145855,0.25483762170410085,0.32273972117126953,0.21962538778028906,0.2099324234548199,0.1788998784335903,0.2068209392894477,0.1947261665272137,1.0000000000000029,0.21736779217116603,0.16477679280445706,0.2389703541630606,0.08828299482889375,0.2524377898783581,0.1172515262937792,0.1676185627920455,0.06206161654469756,0.09170621751486169
S10,0.22598816726385748,0.1879135740627434,0.22547628451213247,0.2504477056226303,0.3438387867682772,0.18103187109609817,0.20632165171633363,0.2585887449942868,0.21736779217116603,1.0000000000000007,0.2576132510788598,0.17579961663545576,0.04727566192421422,0.14535122524482016,0.04408209104671015,0.05327936664862626,0.0509446438557871,0.07859084152886803
S11,0.19014982432004576,0.29486652181521866,0.18085020846372707,0.2257907658557003,0.2158664571919909,0.1376268536336509,0.18733138279413225,0.22201338474859725,0.16477679280445706,0.2576132510788598,0.9999999999999992,0.1320372203241679,0.03212891617941425,0.1552968446139042,0.0431407283245717,0.06376472366604444,0.02212510029824917,0.05404531097761537
S12,0.17343859582541174,0.19530041837383125,0.16636536747052405,0.18942992748191095,0.16051051742971653,0.12091184426849882,0.15699613979377522,0.15883764198710246,0.2389703541630606,0.17579961663545576,0.1320372203241679,1.0000000000000002,0.08571808225086071,0.20184602098036178,0.07821862569231179,0.12256639722913633,0.045586509667995566,0.05941669369300493
S13,0.08153385396708611,0.055281406234075535,0.06516858310694738,0.06137257433734782,0.09741394807584902,0.05822438649199834,0.03547292915106657,0.05010765603110388,0.08828299482889375,0.04727566192421422,0.03212891617941425,0.08571808225086071,1.0000000000000002,0.20429722650791685,0.1458581148113581,0.21127895758494294,0.1494197718070366,0.1907297243797308
S14,0.21671739838353554,0.217286751347406,0.20368122390809618,0.24341999123051333,0.2408690883229493,0.15405555004960342,0.16147344882565698,0.1946708944086426,0.2524377898783581,0.14535122524482016,0.1552968446139042,0.20184602098036178,0.20429722650791685,1.0000000000000022,0.2186556245355596,0.3115628357426162,0.2873582005184884,0.25001565221428573
S15,0.09555579270544524,0.10913100304090727,0.05402663824937517,0.07418800155642748,0.04934925548411839,0.04818967229284346,0.043843728511993654,0.04812488302220735,0.1172515262937792,0.04408209104671015,0.0431407283245717,0.07821862569231179,0.1458581148113581,0.2186556245355596,0.9999999999999993,0.16928694667640903,0.11103277206608858,0.1271395958323558
S16,0.12664279051142102,0.09033193677402036,0.1639215094315107,0.08718924233151995,0.0931183129200002,0.06491298667488317,0.07699442877526946,0.09695230828002606,0.1676185627920455,0.05327936664862626,0.06376472366604444,0.12256639722913633,0.21127895758494294,0.3115628357426162,0.16928694667640903,1.0,0.12371527929447486,0.1735139636097424
S17,0.055568880761183576,0.03486208784837861,0.04394644907674668,0.058551370476196296,0.04855984704942377,0.0324910265199146,0.024269319336313017,0.028778347283237977,0.06206161654469756,0.0509446438557871,0.02212510029824917,0.045586509667995566,0.1494197718070366,0.2873582005184884,0.11103277206608858,0.12371527929447486,1.0000000000000004,0.14609907782558734
S18,0.06952690159417173,0.06516403764446402,0.07334861719607476,0.059938290231072444,0.10290485162502921,0.06085804546079329,0.039417321193295204,0.06864538794689429,0.09170621751486169,0.07859084152886803,0.05404531097761537,0.05941669369300493,0.1907297243797308,0.25001565221428573,0.1271395958323558,0.1735139636097424,0.14609907782558734,1.0
