source_ref,T1,T2,T3,T4,T5
S01,0.0027027880213634846,0.0,0.9377472300737483,0.05050081735772438,0.009049164547164007
S02,0.0,0.0,0.19210040129692932,0.7475071018341878,0.06039249686888295
S03,0.0,0.0,1.0,0.0,0.0
S04,0.6969724765223925,0.0,0.083427647120758,0.15456603534226773,0.06503384101458172
S05,0.9266937698043285,0.0733062301956715,0.0,0.0,0.0
S06,0.9811676261743244,0.0,0.0,0.0,0.01883237382567555
S07,0.8057443131674255,0.0,0.19425568683257458,0.0,0.0
S08,0.9726937297997658,0.0,0.0,0.027306270200234302,0.0
S09,0.026918760329739083,0.01451274754366161,0.8817877364139028,0.0,0.07678075571269646
S10,0.9171463273019956,0.0,0.02627411412992191,0.056579558568082486,0.0
S11,0.0,0.0,0.0,1.0,0.0
S12,0.06951753173987431,0.035856194802595075,0.8543198546459714,0.0,0.040306418811559226
S13,0.0,1.0,0.0,0.0,0.0
S14,0.11138360191155594,0.5675394397131776,0.12165398603670297,0.05907634164263121,0.14034663069593226
S15,0.0,0.0,0.0,0.0,1.0
S16,0.0,0.7484995950359685,0.15435150292098695,0.0,0.09714890204304445
S17,0.0,1.0,0.0,0.0,0.0
S18,0.0,1.0,0.0,0.0,0.0
